ASIN,Title,Brand,URL,ImageURL,SalesRank
B0055521W0,GermGuardianAirPurifierFilterFLT4825GENUINETrueHEPAReplacementFilterBforAC4300/AC4800/4900SeriesGermGuardianAirPurifiers,GuardianTechnologies,https://www.amazon.com/GermGuardian-FLT4825-Replacement-Guardian-Purifiers/dp/B0055521W0?psc=1&SubscriptionId=AKIAJU3IRORXAYOWB63A&tag=sharebert2-20&linkCode=xm2&camp=2025&creative=165953&creativeASIN=B0055521W0,https://images-na.ssl-images-amazon.com/images/I/41Jk6DmY3LL.jpg,120
B00Y0CTDDO,NISPIRAPremiumTrueHEPAFilterReplacementCompatibleWithGermGuardianFLT4825SeriesAirPurifierFilterBForModelAC4825/AC4300/AC4800/AC4900CA/CDAP4500BCA-1pk,Nispira,https://www.amazon.com/Replacement-Compatible-GermGuardian-Purifier-CDAP4500BCA/dp/B00Y0CTDDO?psc=1&SubscriptionId=AKIAJU3IRORXAYOWB63A&tag=sharebert2-20&linkCode=xm2&camp=2025&creative=165953&creativeASIN=B00Y0CTDDO,https://images-na.ssl-images-amazon.com/images/I/41DfFbN8p5L.jpg,7094
B0063KBJ7O,HoneywellOdor-ReducingAirPurifierReplacementPre-FilterHRF-B1/Filter(B),Honeywell,https://www.amazon.com/Honeywell-Odor-Reducing-Replacement-Pre-Filter-HRF-B1/dp/B0063KBJ7O?SubscriptionId=AKIAJU3IRORXAYOWB63A&tag=sharebert2-20&linkCode=xm2&camp=2025&creative=165953&creativeASIN=B0063KBJ7O,https://images-na.ssl-images-amazon.com/images/I/41sOEq3XEnL.jpg,4591
B01N8SQSYA,VEVAPremium2HEPAFiltersand8PackofPre-FilterscompatiblewithAirPurifierModelsAC482548004900andReplacementFilterB,VEVA,https://www.amazon.com/VEVA-Pre-Filters-compatible-Purifier-Replacement/dp/B01N8SQSYA?SubscriptionId=AKIAJU3IRORXAYOWB63A&tag=sharebert2-20&linkCode=xm2&camp=2025&creative=165953&creativeASIN=B01N8SQSYA,https://images-na.ssl-images-amazon.com/images/I/51OuTmqqJLL.jpg,1858
B00895IDIO,GermGuardianAirPurifierFilterFLT4850PTGENUINETrueHEPAwithPetPureTreatmentReplacementFilterBPetforAC4300/AC4800/4900SeriesGermGuardianAirPurifiers,GuardianTechnologies,https://www.amazon.com/Guardian-FLT4850PT-Treatment-Replacement-GermGuardian/dp/B00895IDIO?psc=1&SubscriptionId=AKIAJU3IRORXAYOWB63A&tag=sharebert2-20&linkCode=xm2&camp=2025&creative=165953&creativeASIN=B00895IDIO,https://images-na.ssl-images-amazon.com/images/I/41f3S94BbHL.jpg,7647
B00IEE9J2O,TrueHEPAReplacementFilterforGermGuardianFLT4825FLT-4850AC48004800SeriesGermGuardianFilterBbyLifeSupplyUSA,LifeSupplyUSA,https://www.amazon.com/Replacement-GermGuardian-FLT-4850-Guardian-LifeSupplyUSA/dp/B00IEE9J2O?SubscriptionId=AKIAJU3IRORXAYOWB63A&tag=sharebert2-20&linkCode=xm2&camp=2025&creative=165953&creativeASIN=B00IEE9J2O,https://images-na.ssl-images-amazon.com/images/I/41EGdcpv72L.jpg,26969
B01MYFUKAI,4-Pack-FetteFilterAirPurifierPre-Filters.CompatiblewithHRF-B2FilterB.,FetteFilter,https://www.amazon.com/4-Pack-Filter-Purifier-Pre-Filters-Compatible/dp/B01MYFUKAI?SubscriptionId=AKIAJU3IRORXAYOWB63A&tag=sharebert2-20&linkCode=xm2&camp=2025&creative=165953&creativeASIN=B01MYFUKAI,https://images-na.ssl-images-amazon.com/images/I/41DCHPC1zAL.jpg,14004
B06XDR8QTH,2-Pack-HolmesHWF64CompatibleHumidifierFilter-FilterB,FetteFilter,https://www.amazon.com/2-Pack-Holmes-Compatible-Humidifier-Filter/dp/B06XDR8QTH?SubscriptionId=AKIAJU3IRORXAYOWB63A&tag=sharebert2-20&linkCode=xm2&camp=2025&creative=165953&creativeASIN=B06XDR8QTH,https://images-na.ssl-images-amazon.com/images/I/51IVLGUuFpL.jpg,51091
B0009XOXVU,SimplicityType"B"7000Bags-12pack,Envirocare,https://www.amazon.com/Simplicity-Type-7000-Bags-pack/dp/B0009XOXVU?SubscriptionId=AKIAJU3IRORXAYOWB63A&tag=sharebert2-20&linkCode=xm2&camp=2025&creative=165953&creativeASIN=B0009XOXVU,https://images-na.ssl-images-amazon.com/images/I/41auRMQ4MVL.jpg,92901
B074M7NM49,FLT4825TrueHEPAReplacementFilterBforGermGuardianFLT4825FLT4800AirPurifiersAC4825AC4300AC4850PTAC4900CAPureGuardianAP2200CAbyAunifun(FilterB),Aunifun,https://www.amazon.com/Replacement-GermGuardian-Purifiers-PureGuardian-Aunifun/dp/B074M7NM49?psc=1&SubscriptionId=AKIAJU3IRORXAYOWB63A&tag=sharebert2-20&linkCode=xm2&camp=2025&creative=165953&creativeASIN=B074M7NM49,https://images-na.ssl-images-amazon.com/images/I/41OgJLxdyLL.jpg,67932
B000SDTBO0,RoyalTypeBVacuumBags-10perPack,Royal,https://www.amazon.com/Royal-Type-Vacuum-Bags-Pack/dp/B000SDTBO0?psc=1&SubscriptionId=AKIAJU3IRORXAYOWB63A&tag=sharebert2-20&linkCode=xm2&camp=2025&creative=165953&creativeASIN=B000SDTBO0,https://images-na.ssl-images-amazon.com/images/I/31o0qZcDFKL.jpg,189175
B000SAZU84,RoyalVacuumCleanerTypeBHEPABags-3BagsKitchenKitchenKitchen,Royal,https://www.amazon.com/Royal-Vacuum-Cleaner-Type-HEPA/dp/B000SAZU84?SubscriptionId=AKIAJU3IRORXAYOWB63A&tag=sharebert2-20&linkCode=xm2&camp=2025&creative=165953&creativeASIN=B000SAZU84,https://images-na.ssl-images-amazon.com/images/I/31WDt6m4ZML.jpg,103914
B00VBY5WQQ,2pkTrueHEPAReplacementFilterforGermguardianFLT4825AC4800SeriesFilterBByVacuumSavings,VacuumSavings,https://www.amazon.com/Replacement-Germguardian-FLT4825-Vacuum-Savings/dp/B00VBY5WQQ?SubscriptionId=AKIAJU3IRORXAYOWB63A&tag=sharebert2-20&linkCode=xm2&camp=2025&creative=165953&creativeASIN=B00VBY5WQQ,https://images-na.ssl-images-amazon.com/images/I/51iPGnF0Z-L.jpg,54802
B01F655YG8,Riccar8000SeriesTypeBHEPAFiltrationBags6Pack.,Riccar,https://www.amazon.com/Riccar-8000-Type-Filtration-Pack/dp/B01F655YG8?SubscriptionId=AKIAJU3IRORXAYOWB63A&tag=sharebert2-20&linkCode=xm2&camp=2025&creative=165953&creativeASIN=B01F655YG8,https://images-na.ssl-images-amazon.com/images/I/414Z7%2B0TepL.jpg,106290
B0006OMKHQ,Riccar8000Simplicity7000TypeBVacuumBags6pk.byEnviroCare,EnviroCare,https://www.amazon.com/Riccar-8000-Simplicity-Vacuum-EnviroCare/dp/B0006OMKHQ?SubscriptionId=AKIAJU3IRORXAYOWB63A&tag=sharebert2-20&linkCode=xm2&camp=2025&creative=165953&creativeASIN=B0006OMKHQ,https://images-na.ssl-images-amazon.com/images/I/51akEOMWFcL.jpg,178394
B00002NC5B,GenuineEurekaStyleBVacuumBag52329C-3bags,Eureka,https://www.amazon.com/Genuine-Eureka-Style-Vacuum-52329C/dp/B00002NC5B?psc=1&SubscriptionId=AKIAJU3IRORXAYOWB63A&tag=sharebert2-20&linkCode=xm2&camp=2025&creative=165953&creativeASIN=B00002NC5B,https://images-na.ssl-images-amazon.com/images/I/513hKdU-UZL.jpg,244905
B071L855R6,isinliveFLT4825TrueHEPAAirPurifierReplacementFilterBCompatiblewithGuardianTechnologiesmodelsAC4825AC4850PTAC4900CAPureGuardianAP2200CAandBlackDeckerBXAP148(AC4300),Isinlive,https://www.amazon.com/FLT4825-Replacement-Compatible-Technologies-PureGuardian/dp/B071L855R6?SubscriptionId=AKIAJU3IRORXAYOWB63A&tag=sharebert2-20&linkCode=xm2&camp=2025&creative=165953&creativeASIN=B071L855R6,https://images-na.ssl-images-amazon.com/images/I/41Baby5Mx-L.jpg,26721
B00608IT2M,12OreckBusterBAllergycanistervacuumbagsPortableCanisterVacuumCleanerPKBB12DWMCV-160BB-1000-DB,EnviroCare,https://www.amazon.com/canister-Portable-Canister-PKBB12DW-BB-1000-DB/dp/B00608IT2M?SubscriptionId=AKIAJU3IRORXAYOWB63A&tag=sharebert2-20&linkCode=xm2&camp=2025&creative=165953&creativeASIN=B00608IT2M,UNAVAILABLE,72623
B01L2346HQ,GenuineOreckXLBusterBCanisterVacuumBagsPKBB12DWHousekeeperBag6Pack,Oreck,https://www.amazon.com/Oreck-XL-Canister-PKBB12DW-Housekeeper/dp/B01L2346HQ?psc=1&SubscriptionId=AKIAJU3IRORXAYOWB63A&tag=sharebert2-20&linkCode=xm2&camp=2025&creative=165953&creativeASIN=B01L2346HQ,https://images-na.ssl-images-amazon.com/images/I/51cw1R8JfAL.jpg,4911
B0018ML75G,HooverTypeBAllergenBag(3-Pack)4010103B,HOOVER,https://www.amazon.com/Hoover-Type-Allergen-3-Pack-4010103B/dp/B0018ML75G?SubscriptionId=AKIAJU3IRORXAYOWB63A&tag=sharebert2-20&linkCode=xm2&camp=2025&creative=165953&creativeASIN=B0018ML75G,https://images-na.ssl-images-amazon.com/images/I/41DOyrEFrcL.jpg,221124
B0018ML75G,HooverTypeBAllergenBag(3-Pack)4010103B,HOOVER,https://www.amazon.com/Hoover-Type-Allergen-3-Pack-4010103B/dp/B0018ML75G?SubscriptionId=AKIAJU3IRORXAYOWB63A&tag=sharebert2-20&linkCode=xm2&camp=2025&creative=165953&creativeASIN=B0018ML75G,https://images-na.ssl-images-amazon.com/images/I/41DOyrEFrcL.jpg,221124
B0016PMSAS,GenuineOreckBusterBCanisterModelsBB280BB850AWandBB870AW(Packof12),Oreck,https://www.amazon.com/Genuine-Oreck-Canister-BB850AW-BB870AW/dp/B0016PMSAS?SubscriptionId=AKIAJU3IRORXAYOWB63A&tag=sharebert2-20&linkCode=xm2&camp=2025&creative=165953&creativeASIN=B0016PMSAS,https://images-na.ssl-images-amazon.com/images/I/41IZzcybTGL.jpg,17231
B00007E7RQ,Holmes"B"HumidifierFilterHWF64,Holmes,https://www.amazon.com/Holmes-B-Humidifier-Filter-HWF64/dp/B00007E7RQ?SubscriptionId=AKIAJU3IRORXAYOWB63A&tag=sharebert2-20&linkCode=xm2&camp=2025&creative=165953&creativeASIN=B00007E7RQ,https://images-na.ssl-images-amazon.com/images/I/41h7G0uHnqL.jpg,31870
B004LROXTW,EnvirocareRiccarTypeBBagsfor80008900HEPAw/closure,EnviroCare,https://www.amazon.com/Envirocare-Riccar-Type-Bags-closure/dp/B004LROXTW?SubscriptionId=AKIAJU3IRORXAYOWB63A&tag=sharebert2-20&linkCode=xm2&camp=2025&creative=165953&creativeASIN=B004LROXTW,https://images-na.ssl-images-amazon.com/images/I/51yZnY8lwaL.jpg,146757
B01IW8FX76,FitsGermGuardianFLT4825TrueHEPACompatibleReplacementFilterBforAC4300/AC4800/4900SeriesAirPurifiersbyCFS,CFS,https://www.amazon.com/GermGuardian-Compatible-Replacement-Purifiers-CFS/dp/B01IW8FX76?SubscriptionId=AKIAJU3IRORXAYOWB63A&tag=sharebert2-20&linkCode=xm2&camp=2025&creative=165953&creativeASIN=B01IW8FX76,https://images-na.ssl-images-amazon.com/images/I/31W%2BTTfOF%2BL.jpg,19259
B015RZHT9C,HoneywellOdor-ReducingAirPurifierReplacementPre-Filter2PackHRF-B2/Filter(B),AF,https://www.amazon.com/Honeywell-Odor-Reducing-Replacement-Pre-Filter-HRF-B2/dp/B015RZHT9C?SubscriptionId=AKIAJU3IRORXAYOWB63A&tag=sharebert2-20&linkCode=xm2&camp=2025&creative=165953&creativeASIN=B015RZHT9C,https://images-na.ssl-images-amazon.com/images/I/512BkwJj8rL.jpg,177922
B0023GWSCM,3RoyalUprightTypeBVacuumCleanerAllergyBagsTopFullVacuumCleanersRO-2-066247-001Royal30672470013-067247-0013-671075-001Royal3671075001673Z7730Z673Z,EnviroCare,https://www.amazon.com/Royal-RO-2-066247-001-3067247001-3-067247-001-3-671075-001/dp/B0023GWSCM?SubscriptionId=AKIAJU3IRORXAYOWB63A&tag=sharebert2-20&linkCode=xm2&camp=2025&creative=165953&creativeASIN=B0023GWSCM,https://images-na.ssl-images-amazon.com/images/I/31UgedG7UbL.jpg,270270
B0063GYCE0,3EurekaBAllergyCanisterVacuumBags17003700PowerteamSeriesVacuumCleaners5232952329A-652329-1254922-101700and37001780A,Envirocare(Eureka),https://www.amazon.com/Eureka-Canister-Powerteam-Cleaners-52329A-6/dp/B0063GYCE0?SubscriptionId=AKIAJU3IRORXAYOWB63A&tag=sharebert2-20&linkCode=xm2&camp=2025&creative=165953&creativeASIN=B0063GYCE0,https://images-na.ssl-images-amazon.com/images/I/41JB3YISj7L.jpg,257123
B06XDXDWNF,BreatheNaturallyTrueHEPAFilterBForHolmesHAPF6003Pack,BreatheNaturally,https://www.amazon.com/Breathe-Naturally-Filter-Holmes-HAPF600/dp/B06XDXDWNF?SubscriptionId=AKIAJU3IRORXAYOWB63A&tag=sharebert2-20&linkCode=xm2&camp=2025&creative=165953&creativeASIN=B06XDXDWNF,https://images-na.ssl-images-amazon.com/images/I/416lj-uQ1oL.jpg,46509
B00U1QT572,AfterMarketIdylisBCarbonPre-Filter4-PackFitsIdylisAirPurifiersIAP-10-125IAP-10-150Model#IAF-H-100BIAFH100B,CaptainCompass,https://www.amazon.com/AfterMarket-Pre-Filter-IAP-10-125-IAP-10-150-IAF-H-100B/dp/B00U1QT572?SubscriptionId=AKIAJU3IRORXAYOWB63A&tag=sharebert2-20&linkCode=xm2&camp=2025&creative=165953&creativeASIN=B00U1QT572,https://images-na.ssl-images-amazon.com/images/I/413JAClxZ9L.jpg,83923
B076CHC99V,GermGuardianBHEPAFilterrepalcementforFLT4825forAC4300/AC4800/4900,Superair,https://www.amazon.com/Guardian-Filter-repalcement-FLT4825-AC4300/dp/B076CHC99V?SubscriptionId=AKIAJU3IRORXAYOWB63A&tag=sharebert2-20&linkCode=xm2&camp=2025&creative=165953&creativeASIN=B076CHC99V,https://images-na.ssl-images-amazon.com/images/I/31iwfkVEVjL.jpg,85154
B00ABN039E,3GenuineKenmoreTypeB850023UltracareStandardFiltrationVacuumBags3pk,Kenmore,https://www.amazon.com/Genuine-Kenmore-Ultracare-Standard-Filtration/dp/B00ABN039E?SubscriptionId=AKIAJU3IRORXAYOWB63A&tag=sharebert2-20&linkCode=xm2&camp=2025&creative=165953&creativeASIN=B00ABN039E,https://images-na.ssl-images-amazon.com/images/I/51TaaPscsuL.jpg,413663
B01COVN8Q0,VEVAAdvancedFiltersPremiumCarbonActivatedReplacementPreFilter6PackcompatiblewithAirPurifierModelsAC4800Series(AC4825AC4825e)andFilterBFLT4825,VEVA,https://www.amazon.com/VEVA-Advanced-Activated-Replacement-compatible/dp/B01COVN8Q0?SubscriptionId=AKIAJU3IRORXAYOWB63A&tag=sharebert2-20&linkCode=xm2&camp=2025&creative=165953&creativeASIN=B01COVN8Q0,https://images-na.ssl-images-amazon.com/images/I/51-%2Bmcn-sKL.jpg,14651
B00IA4SQFY,9KenmoreTypeBVacuumCleanerAllergenExtra-SuctionCanisterVacuumCleanerBagsGalaxySeries850036348752419620-241960-24196115.249621002053278000,EnviroCare,https://www.amazon.com/Allergen-Extra-Suction-Canister-115-2496210-02053278000/dp/B00IA4SQFY?SubscriptionId=AKIAJU3IRORXAYOWB63A&tag=sharebert2-20&linkCode=xm2&camp=2025&creative=165953&creativeASIN=B00IA4SQFY,https://images-na.ssl-images-amazon.com/images/I/31FQHHBaD0L.jpg,555843
B00OXZ78XK,OreckBusterBHouseKeeperHandHeldVacuumCleaner12BagsXLModelBB1000DCBB850DC#PKBB12DW815,EnviroCare,https://www.amazon.com/HouseKeeper-Cleaner-BB1000DC-BB850DC-PKBB12DW/dp/B00OXZ78XK?SubscriptionId=AKIAJU3IRORXAYOWB63A&tag=sharebert2-20&linkCode=xm2&camp=2025&creative=165953&creativeASIN=B00OXZ78XK,https://images-na.ssl-images-amazon.com/images/I/51BGvsWYlJL.jpg,187581
B0721NRK1W,FLT4825TrueHEPAReplacementFilterBforGermGuardianAC4825HomeAirCleanerPurifiersAC4300BPTCA/AC4850PTwithPetTechnologiesAC4900CASystemsCapturesAllergies/Pets/Germ/Smokers,FilterBros,https://www.amazon.com/FLT4825-Replacement-Filter-GermGuardian-Technologies/dp/B0721NRK1W?SubscriptionId=AKIAJU3IRORXAYOWB63A&tag=sharebert2-20&linkCode=xm2&camp=2025&creative=165953&creativeASIN=B0721NRK1W,https://images-na.ssl-images-amazon.com/images/I/41CUWIZtbEL.jpg,5858
B01GV8JO1A,VEVAPremiumTrueHEPAReplacementFilterIncluding4ActivatedCarbonPreFilterscompatiblewithAirPurifierAC4300/AC4800/AC4900/AC4825andFLT4825FilterB,VEVA,https://www.amazon.com/VEVA-Replacement-Including-Activated-compatible/dp/B01GV8JO1A?SubscriptionId=AKIAJU3IRORXAYOWB63A&tag=sharebert2-20&linkCode=xm2&camp=2025&creative=165953&creativeASIN=B01GV8JO1A,https://images-na.ssl-images-amazon.com/images/I/51nt-JjigdL.jpg,20941
B017ANUVC6,GermGuardianAirPurifierGENUINECarbonFilter4-PackforusewithFLT4825HEPAFilterBforAC4300/AC4800/4900SeriesGermGuardianAirPurifiersFLT22CB4,GuardianTechnologies,https://www.amazon.com/GermGuardian-Purifier-Guardian-Purifiers-FLT22CB4/dp/B017ANUVC6?SubscriptionId=AKIAJU3IRORXAYOWB63A&tag=sharebert2-20&linkCode=xm2&camp=2025&creative=165953&creativeASIN=B017ANUVC6,https://images-na.ssl-images-amazon.com/images/I/41jmrRCZW%2BL.jpg,10475
B0178K22EQ,RiccarSimplicityTypeBUprightMicrolinedPaperBags12PK#846-12,RiccarSimplicity,https://www.amazon.com/Riccar-Simplicity-Upright-Microlined-846-12/dp/B0178K22EQ?SubscriptionId=AKIAJU3IRORXAYOWB63A&tag=sharebert2-20&linkCode=xm2&camp=2025&creative=165953&creativeASIN=B0178K22EQ,https://images-na.ssl-images-amazon.com/images/I/51Vy-zE3EWL.jpg,195455
B0006OMKE4,RoyalMetalUprightTypeBVacuumBags3Packstandardfiltration,Royal,https://www.amazon.com/Royal-Upright-Vacuum-standard-filtration/dp/B0006OMKE4?SubscriptionId=AKIAJU3IRORXAYOWB63A&tag=sharebert2-20&linkCode=xm2&camp=2025&creative=165953&creativeASIN=B0006OMKE4,https://images-na.ssl-images-amazon.com/images/I/514BRQfp3NL.jpg,341953
B00EMK0V5S,BeverageAir502-289BTemperatureControlWithKnob,BeverageAir,https://www.amazon.com/Beverage-Air-502-289B-Temperature-Control/dp/B00EMK0V5S?SubscriptionId=AKIAJU3IRORXAYOWB63A&tag=sharebert2-20&linkCode=xm2&camp=2025&creative=165953&creativeASIN=B00EMK0V5S,https://images-na.ssl-images-amazon.com/images/I/41LrkBraccL.jpg,194606
B004I6SD2E,SimplicityTypeBGenuineHEPAVacuumBagsforUprightModels7000(Packof6),Simplicity,https://www.amazon.com/Simplicity-Genuine-Vacuum-Upright-Models/dp/B004I6SD2E?SubscriptionId=AKIAJU3IRORXAYOWB63A&tag=sharebert2-20&linkCode=xm2&camp=2025&creative=165953&creativeASIN=B004I6SD2E,https://images-na.ssl-images-amazon.com/images/I/31rMg3KNXHL.jpg,256025
B0002EXYZ2,BrabantiaIroningBoardCover49x15Inch(SizeBStandard)-Gray,Brabantia,https://www.amazon.com/Brabantia-Ironing-Board-Cover-Standard/dp/B0002EXYZ2?psc=1&SubscriptionId=AKIAJU3IRORXAYOWB63A&tag=sharebert2-20&linkCode=xm2&camp=2025&creative=165953&creativeASIN=B0002EXYZ2,https://images-na.ssl-images-amazon.com/images/I/41gyShCFJiL.jpg,156085
B00EMJXTV2,BeverageAir502-290BTemperatureControl,BeverageAir,https://www.amazon.com/Beverage-Air-502-290B-Temperature-Control/dp/B00EMJXTV2?SubscriptionId=AKIAJU3IRORXAYOWB63A&tag=sharebert2-20&linkCode=xm2&camp=2025&creative=165953&creativeASIN=B00EMJXTV2,https://images-na.ssl-images-amazon.com/images/I/41NmjyK9T3L.jpg,248212
B010MF64UW,RiccarTypeB8000&8900Series(Paper),Riccar,https://www.amazon.com/Riccar-Type-8000-8900-Paper/dp/B010MF64UW?SubscriptionId=AKIAJU3IRORXAYOWB63A&tag=sharebert2-20&linkCode=xm2&camp=2025&creative=165953&creativeASIN=B010MF64UW,https://images-na.ssl-images-amazon.com/images/I/21qft13tTkL.jpg,228745
B0001IRRLQ,CuisinartGTF-BGoldToneCoffeeFilter,Cuisinart,https://www.amazon.com/Cuisinart-GTF-B-Gold-Coffee-Filter/dp/B0001IRRLQ?SubscriptionId=AKIAJU3IRORXAYOWB63A&tag=sharebert2-20&linkCode=xm2&camp=2025&creative=165953&creativeASIN=B0001IRRLQ,https://images-na.ssl-images-amazon.com/images/I/41V4IB4rEsL.jpg,3858
B078Z1YQ4Z,AQUAGREENHolmesHWF64FilterBCompatibleHumidifierFilterBy2-Pack,AQUAGREEN,https://www.amazon.com/AQUA-GREEN-Holmes-Compatible-Humidifier/dp/B078Z1YQ4Z?SubscriptionId=AKIAJU3IRORXAYOWB63A&tag=sharebert2-20&linkCode=xm2&camp=2025&creative=165953&creativeASIN=B078Z1YQ4Z,https://images-na.ssl-images-amazon.com/images/I/51W3yyDdZXL.jpg,815640
B00IIYZUBY,RiccarTypeB8000SeriesUprightBagsC15-6(6pk),Riccar,https://www.amazon.com/Riccar-Type-8000-Upright-C15-6/dp/B00IIYZUBY?SubscriptionId=AKIAJU3IRORXAYOWB63A&tag=sharebert2-20&linkCode=xm2&camp=2025&creative=165953&creativeASIN=B00IIYZUBY,https://images-na.ssl-images-amazon.com/images/I/41F4N2F4aIL.jpg,116362
B00CPQF0NE,9ReplacementsforKenmoreTypeBClothBagsFitKenmore&OreckCanisterVacuumsCompatibleWithPart#8500324196634875&115.2496210byThinkCrucial,CrucialVacuum,https://www.amazon.com/Replacements-Canister-Compatible-115-2496210-Crucial/dp/B00CPQF0NE?SubscriptionId=AKIAJU3IRORXAYOWB63A&tag=sharebert2-20&linkCode=xm2&camp=2025&creative=165953&creativeASIN=B00CPQF0NE,https://images-na.ssl-images-amazon.com/images/I/51AeH2C1QIL.jpg,191296
B01FL5TFT0,ActiveCarbonPre-Filter8sheet(AC4825filter)forGermGuardianFLT4825HEPAFilterBAC4825SeriesAirPurifier,Nispira,https://www.amazon.com/Active-Pre-Filter-GermGuardian-FLT4825-Purifier/dp/B01FL5TFT0?SubscriptionId=AKIAJU3IRORXAYOWB63A&tag=sharebert2-20&linkCode=xm2&camp=2025&creative=165953&creativeASIN=B01FL5TFT0,https://images-na.ssl-images-amazon.com/images/I/41hkJakBaaL.jpg,112364
